Frame,Time,People_Count_true,Time_teacher,People_Count_teacher,Time_qc,People_Count_qc,Difference
0,1:14:16,5,1:14:16,4.0,02:10:21,0,-5
5,1:14:17,5,1:14:17,4.0,02:10:30,0,-5
10,1:14:18,5,1:14:18,6.0,02:10:39,0,-5
15,1:14:18,5,1:14:18,4.0,02:10:48,0,-5
20,1:14:19,5,1:14:19,5.0,02:10:57,0,-5
25,1:14:20,5,1:14:20,5.0,02:11:06,0,-5
30,1:14:21,5,1:14:21,5.0,02:11:15,1,-4
35,1:14:22,5,1:14:22,4.0,02:11:23,4,-1
40,1:14:23,5,1:14:23,4.0,02:11:32,4,-1
45,1:14:24,5,1:14:24,4.0,02:11:41,6,1
50,1:14:25,5,1:14:25,5.0,02:11:50,4,-1
55,1:14:26,5,1:14:26,5.0,02:11:59,4,-1
60,1:14:27,5,1:14:27,5.0,02:12:08,8,3
65,1:14:28,5,1:14:28,4.0,02:12:17,5,0
70,1:14:29,5,1:14:29,5.0,02:12:25,4,-1
75,1:14:30,5,1:14:30,4.0,02:12:34,6,1
80,1:14:31,5,1:14:31,4.0,02:12:43,5,0
85,1:14:32,5,1:14:32,4.0,02:12:52,7,2
90,1:14:33,5,1:14:33,4.0,02:13:01,7,2
95,1:14:34,5,1:14:34,4.0,02:13:10,1,-4
100,1:14:35,5,1:14:35,4.0,02:13:19,7,2
105,1:14:36,5,1:14:36,4.0,02:13:27,5,0
110,1:14:37,5,1:14:37,5.0,02:13:36,5,0
115,1:14:38,5,1:14:38,4.0,02:13:45,5,0
120,1:14:39,5,1:14:39,4.0,02:13:54,5,0
125,1:14:40,5,1:14:40,4.0,02:14:03,7,2
130,1:14:41,5,1:14:41,5.0,02:14:12,4,-1
135,1:14:42,5,1:14:42,6.0,02:14:21,7,2
140,1:14:43,5,1:14:43,5.0,02:14:29,5,0
145,1:14:44,5,1:14:44,5.0,02:14:38,7,2
150,1:14:45,5,1:14:45,4.0,02:14:47,5,0
155,1:14:45,5,1:14:45,4.0,02:14:56,5,0
160,1:14:47,5,1:14:47,4.0,02:15:05,5,0
165,1:14:48,5,1:14:48,4.0,02:15:13,5,0
170,1:14:48,5,1:14:48,4.0,02:15:22,5,0
175,1:14:49,5,1:14:49,4.0,02:15:31,5,0
180,1:14:50,5,1:14:50,4.0,02:15:40,5,0
185,1:14:51,5,1:14:51,4.0,02:15:48,5,0
190,1:14:52,5,1:14:52,4.0,02:15:57,4,-1
195,1:14:53,5,1:14:53,4.0,02:16:06,6,1
200,1:14:54,5,1:14:54,4.0,02:16:15,5,0
205,1:14:55,5,1:14:55,4.0,02:16:24,7,2
210,1:14:56,5,1:14:56,4.0,02:16:32,5,0
215,1:14:57,5,1:14:57,4.0,02:16:41,7,2
220,1:14:58,5,1:14:58,5.0,02:16:50,5,0
225,1:14:59,5,1:14:59,4.0,02:16:59,7,2
230,1:15:00,5,1:15:00,4.0,02:17:07,5,0
235,1:15:01,5,1:15:01,4.0,02:17:16,7,2
240,1:15:02,5,1:15:02,4.0,02:17:25,7,2
245,1:15:03,5,1:15:03,4.0,02:17:34,5,0
250,1:15:04,5,1:15:04,4.0,02:17:43,2,-3
255,1:15:05,5,1:15:05,4.0,02:17:51,6,1
260,1:15:06,5,1:15:06,4.0,02:18:00,4,-1
265,1:15:07,5,1:15:07,4.0,02:18:09,4,-1
270,1:15:08,5,1:15:08,4.0,02:18:18,5,0
275,1:15:09,5,1:15:09,4.0,02:18:26,4,-1
280,1:15:10,5,1:15:10,5.0,02:18:35,5,0
285,1:15:11,5,1:15:11,6.0,02:18:44,5,0
290,1:15:12,5,1:15:12,6.0,02:18:53,5,0
295,1:15:13,5,1:15:13,6.0,02:19:02,4,-1
300,1:15:14,5,1:15:14,6.0,02:19:11,5,0
305,1:15:15,5,1:15:15,6.0,02:19:19,4,-1
310,1:15:15,5,1:15:15,6.0,02:19:28,5,0
315,1:15:16,5,1:15:16,6.0,02:19:37,8,3
320,1:15:17,5,1:15:17,6.0,02:19:46,4,-1
325,1:15:18,5,1:15:18,6.0,02:19:54,6,1
330,1:15:19,5,1:15:19,5.0,02:20:03,6,1
335,1:15:20,5,1:15:20,5.0,02:20:12,9,4
340,1:15:21,5,1:15:21,4.0,02:20:21,2,-3
345,1:15:22,5,1:15:22,4.0,02:20:29,8,3
350,1:15:23,5,1:15:23,5.0,02:20:37,4,-1
355,1:15:24,5,1:15:24,5.0,02:20:44,8,3
360,1:15:25,5,1:15:25,6.0,02:20:52,5,0
365,1:15:26,5,1:15:26,6.0,02:21:00,8,3
370,1:15:27,5,1:15:27,6.0,02:21:07,10,5
375,1:15:28,5,1:15:28,5.0,02:21:15,6,1
380,1:15:29,5,1:15:29,6.0,02:21:22,6,1
385,1:15:30,5,1:15:30,6.0,02:21:30,10,5
390,1:15:31,5,1:15:31,6.0,02:21:37,8,3
395,1:15:32,5,1:15:32,6.0,02:21:45,5,0
400,1:15:33,5,1:15:33,6.0,02:21:52,8,3
405,1:15:34,5,1:15:34,6.0,02:22:00,2,-3
410,1:15:35,5,1:15:35,6.0,02:22:07,8,3
415,1:15:36,5,1:15:36,6.0,02:22:15,4,-1
420,1:15:37,5,1:15:37,6.0,02:22:23,6,1
425,1:15:38,5,1:15:38,7.0,02:22:30,6,1
430,1:15:39,5,1:15:39,7.0,02:22:38,6,1
435,1:15:40,5,1:15:40,6.0,02:22:45,6,1
440,1:15:41,5,1:15:41,6.0,02:22:53,8,3
445,1:15:42,5,1:15:42,6.0,02:23:00,6,1
450,1:15:43,5,1:15:43,6.0,02:23:08,6,1
455,1:15:44,5,1:15:44,7.0,02:23:16,8,3
460,1:15:44,5,1:15:44,6.0,02:23:23,5,0
465,1:15:45,5,1:15:45,6.0,02:23:31,6,1
470,1:15:46,5,1:15:46,7.0,02:23:38,6,1
475,1:15:47,5,1:15:47,6.0,02:23:46,5,0
480,1:15:48,5,1:15:48,6.0,02:23:54,6,1
485,1:15:49,5,1:15:49,6.0,02:24:01,6,1
490,1:15:50,5,1:15:50,6.0,02:24:08,6,1
495,1:15:51,5,1:15:51,6.0,02:24:16,4,-1
500,1:15:52,5,1:15:52,5.0,02:24:24,6,1
505,1:15:53,5,1:15:53,5.0,02:24:31,5,0
510,1:15:54,5,1:15:54,6.0,02:24:39,5,0
515,1:15:55,5,1:15:55,5.0,02:24:46,4,-1
520,1:15:56,5,1:15:56,6.0,02:24:54,8,3
525,1:15:57,5,1:15:57,6.0,02:25:02,5,0
530,1:15:58,5,1:15:58,6.0,02:25:09,8,3
535,1:15:59,5,1:15:59,6.0,02:25:17,7,2
540,1:16:00,5,1:16:00,6.0,02:25:24,5,0
545,1:16:01,5,1:16:01,5.0,02:25:32,6,1
550,1:16:02,5,1:16:02,5.0,02:25:39,6,1
555,1:16:03,5,1:16:03,6.0,02:25:47,6,1
560,1:16:04,5,1:16:04,6.0,02:25:54,6,1
565,1:16:05,5,1:16:05,5.0,02:26:02,6,1
570,1:16:06,5,1:16:06,5.0,02:26:09,6,1
575,1:16:07,5,1:16:07,5.0,02:26:17,6,1
580,1:16:08,5,1:16:08,5.0,02:26:24,6,1
585,1:16:09,5,1:16:09,5.0,02:26:32,6,1
590,1:16:10,5,1:16:10,6.0,02:26:39,6,1
595,1:16:10,5,1:16:10,6.0,02:26:47,8,3
600,1:16:11,5,1:16:11,6.0,02:26:54,6,1
605,1:16:13,5,1:16:13,6.0,02:27:02,6,1
610,1:16:13,5,1:16:13,6.0,02:27:09,6,1
615,1:16:14,5,1:16:14,6.0,02:27:17,6,1
620,1:16:15,5,1:16:15,6.0,02:27:24,8,3
625,1:16:16,5,1:16:16,6.0,02:27:32,6,1
630,1:16:17,5,1:16:17,6.0,02:27:39,7,2
635,1:16:18,5,1:16:18,6.0,02:27:47,7,2
640,1:16:19,5,1:16:19,6.0,02:27:55,6,1
645,1:16:20,5,1:16:20,6.0,02:28:02,6,1
650,1:16:21,5,1:16:21,6.0,02:28:10,6,1
655,1:16:22,5,1:16:22,6.0,02:28:17,6,1
660,1:16:23,5,1:16:23,6.0,02:28:25,7,2
665,1:16:24,5,1:16:24,6.0,02:28:32,8,3
670,1:16:25,5,1:16:25,6.0,02:28:40,6,1
675,1:16:26,5,1:16:26,6.0,02:28:47,6,1
680,1:16:27,5,1:16:27,6.0,02:28:55,6,1
685,1:16:28,5,1:16:28,6.0,02:29:02,5,0
690,1:16:29,5,1:16:29,6.0,02:29:10,6,1
695,1:16:30,5,1:16:30,6.0,02:29:18,6,1
700,1:16:31,5,1:16:31,6.0,02:29:25,8,3
705,1:16:32,5,1:16:32,5.0,02:29:33,7,2
710,1:16:33,5,1:16:33,6.0,02:29:40,7,2
715,1:16:34,5,1:16:34,5.0,02:29:48,7,2
720,1:16:35,5,1:16:35,6.0,02:29:55,7,2
725,1:16:36,5,1:16:36,5.0,02:30:03,6,1
730,1:16:37,5,1:16:37,5.0,02:30:10,6,1
735,1:16:38,5,1:16:38,5.0,02:30:18,6,1
740,1:16:39,5,1:16:39,5.0,02:30:25,6,1
745,1:16:40,5,1:16:40,5.0,02:30:33,6,1
750,1:16:40,5,1:16:40,5.0,02:30:40,6,1
755,1:16:41,5,1:16:41,4.0,02:30:48,6,1
760,1:16:42,5,1:16:42,4.0,02:30:55,6,1
765,1:16:43,5,1:16:43,5.0,02:31:03,6,1
770,1:16:44,5,1:16:44,5.0,02:31:10,6,1
775,1:16:45,5,1:16:45,5.0,02:31:18,6,1
780,1:16:46,5,1:16:46,5.0,02:31:26,6,1
785,1:16:47,5,1:16:47,5.0,02:31:33,5,0
790,1:16:48,5,1:16:48,5.0,02:31:41,6,1
795,1:16:49,5,1:16:49,5.0,02:31:48,5,0
800,1:16:50,5,1:16:50,5.0,02:31:56,6,1
805,1:16:51,5,1:16:51,5.0,02:32:03,6,1
810,1:16:52,5,1:16:52,5.0,02:32:11,6,1
815,1:16:53,5,1:16:53,5.0,02:32:19,6,1
820,1:16:54,5,1:16:54,5.0,02:32:26,6,1
825,1:16:55,5,1:16:55,5.0,02:32:34,6,1
830,1:16:56,5,1:16:56,5.0,02:32:41,6,1
835,1:16:57,5,1:16:57,5.0,02:32:49,6,1
840,1:16:58,5,1:16:58,5.0,02:32:56,6,1
845,1:16:59,5,1:16:59,5.0,02:33:04,6,1
850,1:17:00,5,1:17:00,5.0,02:33:11,6,1
855,1:17:01,5,1:17:01,5.0,02:33:19,6,1
860,1:17:02,5,1:17:02,5.0,02:33:27,6,1
865,1:17:03,5,1:17:03,5.0,02:33:34,6,1
870,1:17:04,5,1:17:04,5.0,02:33:42,6,1
875,1:17:05,5,1:17:05,5.0,02:33:49,6,1
880,1:17:06,5,1:17:06,5.0,02:33:57,6,1
885,1:17:07,5,1:17:07,5.0,02:34:04,5,0
890,1:17:08,5,1:17:08,5.0,02:34:12,5,0
895,1:17:09,5,1:17:09,5.0,02:34:20,6,1
900,1:17:10,5,1:17:10,5.0,02:34:27,6,1
905,1:17:10,5,1:17:10,5.0,02:34:35,6,1
910,1:17:11,5,1:17:11,5.0,02:34:42,6,1
915,1:17:12,5,1:17:12,5.0,02:34:50,7,2
920,1:17:13,5,1:17:13,5.0,02:34:57,7,2
925,1:17:14,5,1:17:14,5.0,02:35:05,5,0
930,1:17:15,5,1:17:15,7.0,02:35:13,7,2
935,1:17:16,5,1:17:16,6.0,02:35:20,6,1
940,1:17:17,5,1:17:17,6.0,02:35:28,7,2
945,1:17:18,5,1:17:18,6.0,02:35:35,7,2
950,1:17:19,5,1:17:19,6.0,02:35:43,9,4
955,1:17:20,5,1:17:20,6.0,02:35:51,7,2
960,1:17:21,5,1:17:21,6.0,02:35:58,7,2
965,1:17:22,5,1:17:22,6.0,02:36:06,5,0
970,1:17:23,5,1:17:23,6.0,02:36:13,7,2
975,1:17:24,5,1:17:24,6.0,02:36:21,7,2
980,1:17:25,5,1:17:25,6.0,02:36:28,7,2
985,1:17:26,5,1:17:26,6.0,02:36:36,9,4
990,1:17:27,5,1:17:27,6.0,02:36:43,7,2
995,1:17:28,5,1:17:28,6.0,02:36:51,6,1
1000,1:17:29,5,1:17:29,6.0,02:36:58,5,0
1005,1:17:30,5,1:17:30,6.0,02:37:06,7,2
1010,1:17:31,5,1:17:31,6.0,02:37:13,7,2
1015,1:17:32,5,1:17:32,6.0,02:37:21,7,2
1020,1:17:33,5,1:17:33,6.0,02:37:28,9,4
1025,1:17:34,5,1:17:34,6.0,02:37:36,7,2
1030,1:17:34,5,1:17:34,6.0,02:37:43,9,4
1035,1:17:35,5,1:17:35,6.0,02:37:51,7,2
1040,1:17:36,5,1:17:36,6.0,02:37:58,7,2
1045,1:17:37,5,1:17:37,6.0,02:38:06,7,2
1050,1:17:38,5,1:17:38,6.0,02:38:13,6,1
1055,1:17:39,5,1:17:39,6.0,02:38:21,4,-1
1060,1:17:40,5,1:17:40,6.0,02:38:28,7,2
1065,1:17:41,5,1:17:41,6.0,02:38:36,6,1
1070,1:17:42,5,1:17:42,6.0,02:38:44,6,1
1075,1:17:43,5,1:17:43,6.0,02:38:51,9,4
1080,1:17:44,5,1:17:44,6.0,02:38:59,8,3
1085,1:17:45,6,1:17:45,6.0,02:39:06,4,-2
1090,1:17:46,6,1:17:46,6.0,02:39:14,7,1
1095,1:17:47,6,1:17:47,6.0,02:39:21,7,1
1100,1:17:48,6,1:17:48,6.0,02:39:29,7,1
1105,1:17:49,6,1:17:49,6.0,02:39:36,8,2
1110,1:17:50,6,1:17:50,6.0,02:39:44,5,-1
1115,1:17:51,6,1:17:51,6.0,02:39:51,8,2
1120,1:17:52,6,1:17:52,6.0,02:39:59,6,0
1125,1:17:53,6,1:17:53,6.0,02:40:06,6,0
1130,1:17:54,6,1:17:54,6.0,02:40:14,5,-1
1135,1:17:55,6,1:17:55,6.0,02:40:21,7,1
1140,1:17:56,6,1:17:56,6.0,02:40:29,6,0
1145,1:17:57,6,1:17:57,6.0,02:40:37,6,0
1150,1:17:58,6,1:17:58,6.0,02:40:44,6,0
1155,1:17:59,6,1:17:59,6.0,02:40:52,6,0
1160,1:18:00,6,1:18:00,6.0,02:41:00,6,0
1165,1:18:01,6,1:18:01,6.0,02:41:07,6,0
1170,1:18:02,6,1:18:02,6.0,02:41:15,7,1
1175,1:18:03,6,1:18:03,6.0,02:41:22,5,-1
1180,1:18:04,6,1:18:04,6.0,02:41:30,7,1
1185,1:18:05,6,1:18:05,6.0,02:41:37,7,1
1190,1:18:05,6,1:18:05,6.0,02:41:45,7,1
1195,1:18:06,6,1:18:06,7.0,02:41:52,7,1
1200,1:18:07,6,1:18:07,6.0,02:42:00,6,0
1205,1:18:08,6,1:18:08,6.0,02:42:07,7,1
1210,1:18:09,6,1:18:09,6.0,02:42:15,7,1
1215,1:18:10,6,1:18:10,6.0,02:42:22,7,1
1220,1:18:11,6,1:18:11,6.0,02:42:30,7,1
1225,1:18:12,6,1:18:12,6.0,02:42:37,7,1
1230,1:18:13,6,1:18:13,7.0,02:42:45,7,1
1235,1:18:14,6,1:18:14,7.0,02:42:52,7,1
1240,1:18:15,6,1:18:15,7.0,02:43:00,7,1
1245,1:18:16,6,1:18:16,6.0,02:43:07,7,1
1250,1:18:17,6,1:18:17,6.0,02:43:15,6,0
1255,1:18:18,6,1:18:18,6.0,02:43:22,6,0
1260,1:18:19,6,1:18:19,6.0,02:43:30,6,0
1265,1:18:20,6,1:18:20,6.0,02:43:37,6,0
1270,1:18:21,6,1:18:21,6.0,02:43:45,6,0
1275,1:18:22,6,1:18:22,6.0,02:43:52,6,0
1280,1:18:23,6,1:18:23,6.0,02:44:00,6,0
1285,1:18:24,6,1:18:24,5.0,02:44:07,7,1
1290,1:18:25,6,1:18:25,5.0,02:44:14,7,1
1295,1:18:26,6,1:18:26,4.0,02:44:22,7,1
1300,1:18:27,6,1:18:27,4.0,02:44:29,6,0
1305,1:18:28,6,1:18:28,4.0,02:44:37,6,0
1310,1:18:29,6,1:18:29,4.0,02:44:44,6,0
1315,1:18:30,6,1:18:30,4.0,02:44:52,6,0
1320,1:18:31,6,1:18:31,4.0,02:44:59,6,0
1325,1:18:32,6,1:18:32,4.0,02:45:07,7,1
1330,1:18:33,6,1:18:33,5.0,02:45:14,7,1
1335,1:18:34,6,1:18:34,5.0,02:45:22,7,1
1340,1:18:35,6,1:18:35,5.0,02:45:29,6,0
1345,1:18:36,6,1:18:36,5.0,02:45:37,5,-1
1350,1:18:37,6,1:18:37,5.0,02:45:44,5,-1
1355,1:18:37,6,1:18:37,6.0,02:45:52,6,0
1360,1:18:38,6,1:18:38,6.0,02:45:59,6,0
1365,1:18:39,6,1:18:39,5.0,02:46:07,7,1
1370,1:18:40,6,1:18:40,4.0,02:46:14,7,1
1375,1:18:41,6,1:18:41,5.0,02:46:22,7,1
1380,1:18:42,6,1:18:42,5.0,02:46:29,6,0
1385,1:18:43,6,1:18:43,5.0,02:46:37,7,1
1390,1:18:44,6,1:18:44,5.0,02:46:44,6,0
1395,1:18:45,6,1:18:45,5.0,02:46:52,7,1
1400,1:18:46,6,1:18:46,5.0,02:46:59,7,1
1405,1:18:47,6,1:18:47,5.0,02:47:07,5,-1
1410,1:18:48,6,1:18:48,5.0,02:47:14,7,1
1415,1:18:49,6,1:18:49,5.0,02:47:22,7,1
1420,1:18:50,6,1:18:50,5.0,02:47:29,7,1
1425,1:18:51,6,1:18:51,5.0,02:47:36,7,1
1430,1:18:52,6,1:18:52,5.0,02:47:44,7,1
1435,1:18:53,6,1:18:53,5.0,02:47:51,7,1
1440,1:18:54,6,1:18:54,5.0,02:47:59,7,1
1445,1:18:55,5,1:18:55,5.0,02:48:06,7,2
1450,1:18:56,5,1:18:56,5.0,02:48:14,7,2
1455,1:18:57,5,1:18:57,5.0,02:48:21,6,1
1460,1:18:58,5,1:18:58,5.0,02:48:28,7,2
1465,1:18:59,5,1:18:59,4.0,02:48:36,6,1
1470,1:19:00,5,1:19:00,4.0,02:48:43,7,2
1475,1:19:01,5,1:19:01,4.0,02:48:51,7,2
1480,1:19:02,5,1:19:02,5.0,02:48:58,7,2
1485,1:19:03,5,1:19:03,5.0,02:49:06,7,2
1490,1:19:04,5,1:19:04,5.0,02:49:13,7,2
1495,1:19:05,5,1:19:05,5.0,02:49:21,7,2
1500,1:19:06,5,1:19:06,5.0,02:49:28,7,2
1505,1:19:07,5,1:19:07,4.0,02:49:36,7,2
1510,1:19:08,5,1:19:08,6.0,02:49:43,7,2
1515,1:19:09,5,1:19:09,6.0,02:49:51,7,2
1520,1:19:10,5,1:19:10,5.0,02:49:58,7,2
1525,1:19:10,5,1:19:10,6.0,02:50:06,7,2
1530,1:19:11,5,1:19:11,6.0,02:50:13,7,2
1535,1:19:12,5,1:19:12,6.0,02:50:21,7,2
1540,1:19:13,5,1:19:13,6.0,02:50:28,7,2
1545,1:19:14,5,1:19:14,5.0,02:50:36,7,2
1550,1:19:15,5,1:19:15,7.0,02:50:43,7,2
1555,1:19:16,5,1:19:16,7.0,02:50:51,6,1
1560,1:19:17,5,1:19:17,7.0,02:50:58,6,1
1565,1:19:18,5,1:19:18,6.0,02:51:06,6,1
1570,1:19:19,5,1:19:19,7.0,02:51:13,6,1
1575,1:19:20,5,1:19:20,7.0,02:51:21,6,1
1580,1:19:21,5,1:19:21,7.0,02:51:28,6,1
1585,1:19:22,5,1:19:22,7.0,02:51:35,6,1
1590,1:19:23,5,1:19:23,7.0,02:51:43,6,1
1595,1:19:24,5,1:19:24,6.0,02:51:50,7,2
1600,1:19:25,5,1:19:25,7.0,02:51:58,7,2
1605,1:19:26,5,1:19:26,7.0,02:52:05,6,1
1610,1:19:27,5,1:19:27,7.0,02:52:12,7,2
1615,1:19:28,5,1:19:28,6.0,02:52:20,6,1
1620,1:19:29,5,1:19:29,6.0,02:52:27,6,1
1625,1:19:30,5,1:19:30,6.0,02:52:35,7,2
1630,1:19:31,5,1:19:31,6.0,02:52:42,6,1
1635,1:19:32,5,1:19:32,6.0,02:52:50,6,1
1640,1:19:33,5,1:19:33,6.0,02:52:57,6,1
1645,1:19:34,5,1:19:34,6.0,02:53:05,7,2
1650,1:19:35,5,1:19:35,7.0,02:53:12,6,1
1655,1:19:36,5,1:19:36,7.0,02:53:20,6,1
1660,1:19:37,5,1:19:37,7.0,02:53:27,7,2
1665,1:19:38,5,1:19:38,7.0,02:53:34,6,1
1670,1:19:39,5,1:19:39,7.0,02:53:42,7,2
1675,1:19:40,5,1:19:40,7.0,02:53:49,7,2
1680,1:19:40,5,1:19:40,8.0,02:53:57,6,1
1685,1:19:41,5,1:19:41,8.0,02:54:04,6,1
1690,1:19:42,5,1:19:42,8.0,02:54:12,6,1
1695,1:19:43,5,1:19:43,7.0,02:54:20,7,2
1700,1:19:44,5,1:19:44,7.0,02:54:27,9,4
1705,1:19:45,5,1:19:45,7.0,02:54:34,7,2
1710,1:19:46,5,1:19:46,7.0,02:54:42,7,2
1715,1:19:47,5,1:19:47,7.0,02:54:50,7,2
1720,1:19:48,5,1:19:48,7.0,02:54:57,7,2
1725,1:19:49,5,1:19:49,7.0,02:55:05,5,0
1730,1:19:50,5,1:19:50,7.0,02:55:12,7,2
1735,1:19:51,5,1:19:51,7.0,02:55:19,8,3
1740,1:19:52,5,1:19:52,7.0,02:55:27,7,2
1745,1:19:53,5,1:19:53,7.0,02:55:34,6,1
1750,1:19:54,5,1:19:54,7.0,02:55:42,6,1
1755,1:19:55,5,1:19:55,7.0,02:55:50,8,3
1760,1:19:56,5,1:19:56,7.0,02:55:57,7,2
1765,1:19:57,5,1:19:57,7.0,02:56:04,7,2
1770,1:19:58,5,1:19:58,7.0,02:56:12,7,2
1775,1:19:59,5,1:19:59,7.0,02:56:19,7,2
1780,1:20:00,5,1:20:00,7.0,02:56:27,7,2
1785,1:20:01,5,1:20:01,7.0,02:56:35,6,1
1790,1:20:02,5,1:20:02,7.0,02:56:42,7,2
1795,1:20:03,5,1:20:03,7.0,02:56:49,7,2
1800,1:20:04,5,1:20:04,7.0,02:56:57,6,1
1805,1:20:05,5,1:20:05,7.0,02:57:04,7,2
1810,1:20:06,5,1:20:06,7.0,02:57:12,7,2
1815,1:20:07,5,1:20:07,7.0,02:57:19,6,1
1820,1:20:08,5,1:20:08,7.0,02:57:27,7,2
1825,1:20:08,5,1:20:08,7.0,02:57:34,7,2
1830,1:20:10,5,1:20:10,8.0,02:57:42,7,2
1835,1:20:11,5,1:20:11,8.0,02:57:49,6,1
1840,1:20:12,5,1:20:12,8.0,02:57:57,6,1
1845,1:20:12,5,1:20:12,8.0,02:58:04,6,1
1850,1:20:13,5,1:20:13,8.0,02:58:12,6,1
1855,1:20:14,5,1:20:14,7.0,02:58:19,5,0
1860,1:20:15,5,1:20:15,6.0,02:58:27,6,1
1865,1:20:16,5,1:20:16,7.0,02:58:34,6,1
1870,1:20:17,5,1:20:17,7.0,02:58:42,5,0
1875,1:20:18,5,1:20:18,6.0,02:58:49,6,1
1880,1:20:19,5,1:20:19,6.0,02:58:57,5,0
1885,1:20:20,5,1:20:20,6.0,02:59:04,6,1
1890,1:20:21,5,1:20:21,6.0,02:59:11,6,1
1895,1:20:22,5,1:20:22,6.0,02:59:19,6,1
1900,1:20:23,5,1:20:23,6.0,02:59:27,6,1
1905,1:20:24,5,1:20:24,8.0,02:59:34,6,1
1910,1:20:25,5,1:20:25,8.0,02:59:41,7,2
1915,1:20:26,5,1:20:26,8.0,02:59:49,7,2
1920,1:20:27,5,1:20:27,8.0,02:59:57,6,1
1925,1:20:28,5,1:20:28,8.0,03:00:04,6,1
1930,1:20:29,5,1:20:29,8.0,03:00:11,6,1
1935,1:20:30,5,1:20:30,8.0,03:00:19,6,1
1940,1:20:31,5,1:20:31,8.0,03:00:26,7,2
1945,1:20:32,5,1:20:32,7.0,03:00:34,8,3
1950,1:20:33,5,1:20:33,7.0,03:00:41,6,1
1955,1:20:34,5,1:20:34,7.0,03:00:49,7,2
1960,1:20:35,5,1:20:35,7.0,03:00:56,7,2
1965,1:20:36,5,1:20:36,7.0,03:01:04,6,1
1970,1:20:37,5,1:20:37,7.0,03:01:11,6,1
1975,1:20:38,5,1:20:38,7.0,03:01:19,6,1
1980,1:20:39,5,1:20:39,7.0,03:01:26,7,2
1985,1:20:40,5,1:20:40,7.0,03:01:34,6,1
1990,1:20:40,5,1:20:40,7.0,03:01:41,6,1
1995,1:20:42,5,1:20:42,7.0,03:01:49,6,1
2000,1:20:43,5,1:20:43,7.0,03:01:56,6,1
2005,1:20:44,5,1:20:44,7.0,03:02:04,7,2
2010,1:20:44,5,1:20:44,7.0,03:02:11,8,3
2015,1:20:45,5,1:20:45,8.0,03:02:19,8,3
2020,1:20:46,5,1:20:46,7.0,03:02:26,9,4
2025,1:20:47,5,1:20:47,7.0,03:02:34,7,2
2030,1:20:48,5,1:20:48,7.0,03:02:42,8,3
2035,1:20:49,5,1:20:49,7.0,03:02:49,8,3
2040,1:20:50,5,1:20:50,7.0,03:02:57,6,1
2045,1:20:51,5,1:20:51,7.0,03:03:04,6,1
2050,1:20:52,5,1:20:52,7.0,03:03:12,7,2
2055,1:20:53,5,1:20:53,7.0,03:03:19,6,1
2060,1:20:54,5,1:20:54,7.0,03:03:27,7,2
2065,1:20:55,5,1:20:55,7.0,03:03:34,7,2
2070,1:20:56,5,1:20:56,6.0,03:03:42,7,2
2075,1:20:57,5,1:20:57,7.0,03:03:49,7,2
2080,1:20:58,5,1:20:58,7.0,03:03:57,7,2
2085,1:20:59,5,1:20:59,7.0,03:04:04,6,1
2090,1:21:00,5,1:21:00,7.0,03:04:12,6,1
2095,1:21:01,5,1:21:01,7.0,03:04:19,6,1
2100,1:21:02,5,1:21:02,6.0,03:04:27,8,3
2105,1:21:03,5,1:21:03,6.0,03:04:34,6,1
2110,1:21:04,5,1:21:04,6.0,03:04:41,6,1
2115,1:21:05,5,1:21:05,5.0,03:04:49,8,3
2120,1:21:06,5,1:21:06,6.0,03:04:57,6,1
2125,1:21:07,5,1:21:07,6.0,03:05:04,6,1
2130,1:21:08,5,1:21:08,6.0,03:05:12,6,1
2135,1:21:09,5,1:21:09,5.0,03:05:19,5,0
2140,1:21:10,5,1:21:10,6.0,03:05:27,6,1
2145,1:21:11,5,1:21:11,6.0,03:05:35,6,1
2150,1:21:12,5,1:21:12,6.0,03:05:42,6,1
2155,1:21:13,5,1:21:13,6.0,03:05:50,5,0
2160,1:21:14,5,1:21:14,6.0,03:05:57,6,1
2165,1:21:15,5,1:21:15,6.0,03:06:05,8,3
2170,1:21:16,5,1:21:16,6.0,03:06:12,8,3
2175,1:21:17,5,1:21:17,6.0,03:06:20,6,1
2180,1:21:17,5,1:21:17,6.0,03:06:27,7,2
2185,1:21:18,5,1:21:18,7.0,03:06:35,6,1
2190,1:21:19,5,1:21:19,7.0,03:06:42,7,2
2195,1:21:20,5,1:21:20,7.0,03:06:50,7,2
2200,1:21:21,5,1:21:21,7.0,03:06:57,7,2
2205,1:21:22,5,1:21:22,7.0,03:07:05,7,2
2210,1:21:23,5,1:21:23,7.0,03:07:12,7,2
2215,1:21:24,5,1:21:24,7.0,03:07:20,8,3
2220,1:21:25,5,1:21:25,7.0,03:07:27,8,3
2225,1:21:26,5,1:21:26,7.0,03:07:35,6,1
2230,1:21:27,5,1:21:27,6.0,03:07:42,8,3
2235,1:21:28,5,1:21:28,6.0,03:07:50,7,2
2240,1:21:29,5,1:21:29,6.0,03:07:57,7,2
2245,1:21:30,5,1:21:30,6.0,03:08:05,7,2
2250,1:21:31,5,1:21:31,6.0,03:08:12,7,2
2255,1:21:32,5,1:21:32,6.0,03:08:20,7,2
2260,1:21:33,5,1:21:33,7.0,03:08:27,7,2
2265,1:21:34,5,1:21:34,7.0,03:08:35,6,1
2270,1:21:35,5,1:21:35,7.0,03:08:42,7,2
2275,1:21:36,5,1:21:36,6.0,03:08:50,7,2
2280,1:21:37,5,1:21:37,6.0,03:08:57,7,2
2285,1:21:38,5,1:21:38,6.0,03:09:05,6,1
2290,1:21:39,5,1:21:39,6.0,03:09:12,6,1
2295,1:21:40,5,1:21:40,5.0,03:09:20,6,1
2300,1:21:41,5,1:21:41,7.0,03:09:27,6,1
2305,1:21:42,5,1:21:42,7.0,03:09:35,6,1
2310,1:21:43,5,1:21:43,7.0,03:09:42,6,1
2315,1:21:44,5,1:21:44,6.0,03:09:50,6,1
2320,1:21:45,5,1:21:45,6.0,03:09:57,7,2
2325,1:21:46,5,1:21:46,6.0,03:10:05,5,0
2330,1:21:47,5,1:21:47,7.0,03:10:12,6,1
2335,1:21:48,5,1:21:48,6.0,03:10:20,7,2
2340,1:21:49,5,1:21:49,6.0,03:10:27,6,1
2345,1:21:50,5,1:21:50,6.0,03:10:35,7,2
2350,1:21:51,5,1:21:51,6.0,03:10:42,6,1
2355,1:21:51,5,1:21:51,6.0,03:10:50,6,1
2360,1:21:52,5,1:21:52,6.0,03:10:57,6,1
2365,1:21:53,5,1:21:53,6.0,03:11:04,6,1
2370,1:21:54,5,1:21:54,5.0,03:11:12,6,1
2375,1:21:55,5,1:21:55,6.0,03:11:19,7,2
2380,1:21:56,5,1:21:56,6.0,03:11:27,7,2
2385,1:21:57,5,1:21:57,6.0,03:11:34,9,4
2390,1:21:58,5,1:21:58,6.0,03:11:42,7,2
2395,1:21:59,5,1:21:59,6.0,03:11:49,6,1
